<?xml version="1.0"?>
<widget id="51" root="notes">
    <name>notes</name>
    <config>
        <version type="string" checkState="true">0.1</version>
        <title>Notes</title>
        <displayName>Notes</displayName>
        <description></description>
        <isMozzle type="number">1</isMozzle>
        <isFirstOrderFeature type="number">1</isFirstOrderFeature>
        <isPermanent type="number">0</isPermanent>
        <isEnabledDefault type="number">0</isEnabledDefault>
        <router>Notes_UrlHelper::reroute</router>
   	</config>
    <privateConfig>
        <isEnabled/>
    </privateConfig>
</widget>
